nameFr,nameEn
Domaine des EPF,Domaine des EPF
Organisation,Organisation
Facultés Collèges et plateformes,Facultés Collèges et plateformes
Fundraising,Fundraising
Déontologie et éthique,Déontologie et éthique
Risk Management,Risk Management
Fondations,Fondations
Sécurité,Sécurité
Système de contrôle interne,Système de contrôle interne
Compliance Guide,Compliance Guide
Instances d’alerte,Instances d’alerte
Conférences et commissions,Conférences et commissions
Admission EPFL,Admission EPFL
Bachelor Master CMS,Bachelor Master CMS
Bibliothèque,Bibliothèque
Code d’honneur,Code d’honneur
Discipline,Discipline
Doctorat,Doctorat
Evaluation enseignement,Evaluation enseignement
Examens & recours,Examens & recours
Formation continue,Formation continue
Règlements d’étude,Règlements d’étude
Taxes et Bourses,Taxes et Bourses
Financement de la recherche,Financement de la recherche
Financement équipements scientifiques,Financement équipements scientifiques
Commission de la recherche,Commission de la recherche
Valorisation,Valorisation
Tous les collaborateurs,Tous les collaborateurs
Professeurs,Professeurs
Chargés de cours,Chargés de cours
Corps intermédiaire,Corps intermédiaire
Doctorants,Doctorants
Assistants-étudiants,Assistants-étudiants
Compétences RH,Compétences RH
Assucances sociales et prévoyance,Assucances sociales et prévoyance
Gestion financière,Gestion financière
Carte de crédit,Carte de crédit
Voyages et remboursement des frais,Voyages et remboursement des frais
Gestion de la trésorerie,Gestion de la trésorerie
Achats,Achats
Directives d’utilisation,Directives d’utilisation
Réseaux,Réseaux
Web et messagerie,Web et messagerie
Recyclage,Recyclage
Gestion immobilière,Gestion immobilière
Téléphonie mobile,Téléphonie mobile
Stationnement,Stationnement
Garderies – accueil de la petite enfance,Garderies – accueil de la petite enfance
Associations & fondations,Associations & fondations
Manifestation,Manifestation